Index,Entrypoint
3f8,21f0046
60c,21f0046
15bc,20f1404
1626,20f0000
4312,202fc01
4317,202fc01
4d12,2030000
7912,2031013
89fa,277050b
a253,21b1333
b2a9,21705ec
c7fe,21b06db
c950,24706d0
caa2,22b0066
cd48,2eebb7f
cf8b,2030007
d624,2230199
dd37,2070023
e07c,2ff0155
e472,21b02a0
e69d,2e2ed20
ff3b,26f026e
ff41,25f025e
ff61,27f027e
ff6b,27f027f
ff78,27f0000
ff79,27f027f
ff7b,27f027f
ff7e,27f027f
ff81,27f027f
ff83,27f027f
ff86,27f027f
ff8b,27f027f
ff8e,27f027f
ff96,27f027f
ff99,27f027f
ff9b,27f027f
ff9e,27f027f
ffa1,27f027f
ffa3,27f027f
ffab,27f027f
ffae,27f027f
ffb1,27f027f
ffb3,27f027f
ffb6,27f027f
ffb9,27f027f
ffbb,27f027f
ffc3,27f027f
ffc6,27f027f
ffc9,27f027f
ffce,27f027f
ffd3,27f027f
fff8,27f0000
fff9,27f027f
